{"layer_1": 512, "activation_1": "linear", "num_layers": 10, "units_2": 512, "activation_2": "relu", "dropout_2": 0.45834579304621176, "units_3": 128, "activation_3": "linear", "dropout_3": 0.20214636121010582, "units_4": 512, "activation_4": "elu", "dropout_4": 0.13847113009081813, "units_5": 256, "activation_5": "linear", "dropout_5": 0.21312873496871235, "units_6": 128, "activation_6": "relu", "dropout_6": 0.33530504087548707, "units_7": 128, "activation_7": "linear", "dropout_7": 0.11559123444807062, "units_8": 128, "activation_8": "relu", "dropout_8": 0.2618908919792556, "units_9": 512, "activation_9": "relu", "dropout_9": 0.3587291059530903, "units_10": 512, "activation_10": "selu", "dropout_10": 0.43377277017943133, "learning_rate": 1.5691774834712003e-05}