{"layer_1": 128, "activation_1": "linear", "num_layers": 10, "units_2": 512, "activation_2": "linear", "dropout_2": 0.20121420416111163, "units_3": 256, "activation_3": "relu", "dropout_3": 0.21573087148832884, "units_4": 128, "activation_4": "linear", "dropout_4": 0.37850250557317866, "units_5": 512, "activation_5": "selu", "dropout_5": 0.021428132971263333, "units_6": 128, "activation_6": "linear", "dropout_6": 0.26284861667342635, "units_7": 512, "activation_7": "linear", "dropout_7": 0.1404210937991615, "units_8": 128, "activation_8": "selu", "dropout_8": 0.2542598082795005, "units_9": 128, "activation_9": "elu", "dropout_9": 0.06915481217598285, "units_10": 512, "activation_10": "relu", "dropout_10": 0.05404598689657733, "learning_rate": 1.0071389779524165e-05}